BLOCK,EVENT,TIME,CHAN,Sampling_Freq,NumOfPoints,D0,
Block-318,TRON,42.81212926,0,0,1,0,
Block-318,TRON,188.9512243,0,0,1,0,
Block-318,TRON,438.5863681,0,0,1,0,
Block-318,TRON,567.7115803,0,0,1,0,
Block-318,TRON,1017.830031,0,0,1,0,
Block-318,TRON,1175.271096,0,0,1,0,
Block-318,TRON,1312.58921,0,0,1,0,
Block-318,TRON,1525.62475,0,0,1,0,
Block-318,TRON,1652.564091,0,0,1,0,
