BLOCK,EVENT,TIME,CHAN,Sampling_Freq,NumOfPoints,D0,
GR2-180226-153718,ATTK,245.9280589,0,0,1,1.401298464e-045,
GR2-180226-153718,ATTK,501.4672589,0,0,1,1.401298464e-045,
