BLOCK,EVENT,TIME,CHAN,Sampling_Freq,NumOfPoints,D0,
Block-260,ATTK,171.2421684,0,0,1,0,
Block-260,ATTK,173.0585804,0,0,1,0,
Block-260,ATTK,203.8956442,0,0,1,0,
Block-260,ATTK,212.4475188,0,0,1,0,
Block-260,ATTK,213.8107903,0,0,1,0,
Block-260,ATTK,214.9066751,0,0,1,0,
Block-260,ATTK,216.3354418,0,0,1,0,
Block-260,ATTK,219.0463386,0,0,1,0,
Block-260,ATTK,220.4053504,0,0,1,0,
Block-260,ATTK,375.7498777,0,0,1,0,
Block-260,ATTK,434.2209332,0,0,1,0,
Block-260,ATTK,1676.414648,0,0,1,0,
