BLOCK,EVENT,TIME,CHAN,Sampling_Freq,NumOfPoints,D0,
Block-317,TRON,93.3360436,0,0,1,0,
Block-317,TRON,122.5986049,0,0,1,0,
Block-317,TRON,164.1581364,0,0,1,0,
Block-317,TRON,329.2163277,0,0,1,0,
Block-317,TRON,346.7483547,0,0,1,0,
Block-317,TRON,423.7704396,0,0,1,0,
Block-317,TRON,455.3812377,0,0,1,0,
Block-317,TRON,479.0975282,0,0,1,0,
Block-317,TRON,596.4220827,0,0,1,0,
Block-317,TRON,669.120512,0,0,1,0,
Block-317,TRON,800.7341671,0,0,1,0,
Block-317,TRON,922.326139,0,0,1,0,
Block-317,TRON,996.5321829,0,0,1,0,
Block-317,TRON,1072.303309,0,0,1,0,
Block-317,TRON,1171.410534,0,0,1,0,
Block-317,TRON,1264.731054,0,0,1,0,
Block-317,TRON,1355.986166,0,0,1,0,
Block-317,TRON,1470.898299,0,0,1,0,
Block-317,TRON,1583.456707,0,0,1,0,
Block-317,TRON,1631.335997,0,0,1,0,
