BLOCK,EVENT,TIME,CHAN,Sampling_Freq,NumOfPoints,D0,
GR6-180227-133520,ATOF,996.8215654,0,0,1,0,
GR6-180227-133520,ATOF,1054.354268,0,0,1,0,
GR6-180227-133520,ATOF,1078.350848,0,0,1,0,
GR6-180227-133520,ATOF,1180.108309,0,0,1,0,
GR6-180227-133520,ATOF,1200.742277,0,0,1,0,
GR6-180227-133520,ATOF,1312.781804,0,0,1,0,
GR6-180227-133520,ATOF,1462.173327,0,0,1,0,
GR6-180227-133520,ATOF,1639.225221,0,0,1,0,
