BLOCK,EVENT,TIME,CHAN,Sampling_Freq,NumOfPoints,D0,
GR6-180227-133520,ATTK,996.0222311,0,0,1,1.401298464e-045,
GR6-180227-133520,ATTK,1053.554852,0,0,1,1.401298464e-045,
GR6-180227-133520,ATTK,1077.551473,0,0,1,1.401298464e-045,
GR6-180227-133520,ATTK,1179.308933,0,0,1,1.401298464e-045,
GR6-180227-133520,ATTK,1199.942902,0,0,1,1.401298464e-045,
GR6-180227-133520,ATTK,1311.982387,0,0,1,1.401298464e-045,
GR6-180227-133520,ATTK,1461.373911,0,0,1,1.401298464e-045,
GR6-180227-133520,ATTK,1638.425805,0,0,1,1.401298464e-045,
