BLOCK,EVENT,TIME,CHAN,Sampling_Freq,NumOfPoints,D0,
Block-263,TRON,34.45354486,0,0,1,0,
Block-263,TRON,96.91639805,0,0,1,0,
Block-263,TRON,116.4679167,0,0,1,0,
Block-263,TRON,177.9130368,0,0,1,0,
Block-263,TRON,245.3920155,0,0,1,0,
Block-263,TRON,273.2969575,0,0,1,0,
Block-263,TRON,309.6696422,0,0,1,0,
Block-263,TRON,344.8096769,0,0,1,0,
Block-263,TRON,376.9971917,0,0,1,0,
Block-263,TRON,399.0811443,0,0,1,0,
Block-263,TRON,438.7607348,0,0,1,0,
Block-263,TRON,476.1000345,0,0,1,0,
Block-263,TRON,531.1372902,0,0,1,0,
Block-263,TRON,574.4909518,0,0,1,0,
Block-263,TRON,739.3874331,0,0,1,0,
Block-263,TRON,761.0498252,0,0,1,0,
Block-263,TRON,812.5661185,0,0,1,0,
Block-263,TRON,844.5413785,0,0,1,0,
Block-263,TRON,889.3477683,0,0,1,0,
Block-263,TRON,929.1506073,0,0,1,0,
Block-263,TRON,955.7649407,0,0,1,0,
Block-263,TRON,994.0432076,0,0,1,0,
Block-263,TRON,1021.730529,0,0,1,0,
Block-263,TRON,1052.710093,0,0,1,0,
Block-263,TRON,1085.907804,0,0,1,0,
Block-263,TRON,1138.000364,0,0,1,0,
Block-263,TRON,1182.276772,0,0,1,0,
Block-263,TRON,1228.331663,0,0,1,0,
Block-263,TRON,1250.702541,0,0,1,0,
Block-263,TRON,1272.080957,0,0,1,0,
Block-263,TRON,1321.972982,0,0,1,0,
Block-263,TRON,1357.30217,0,0,1,0,
Block-263,TRON,1402.135798,0,0,1,0,
Block-263,TRON,1431.125401,0,0,1,0,
Block-263,TRON,1567.955845,0,0,1,0,
Block-263,TRON,1622.012232,0,0,1,0,
Block-263,TRON,1642.758963,0,0,1,0,
Block-263,TRON,1671.07883,0,0,1,0,
Block-263,TRON,1692.958761,0,0,1,0,
Block-263,TRON,1730.117468,0,0,1,0,
