BLOCK,EVENT,TIME,CHAN,Sampling_Freq,NumOfPoints,D0,
Block-275,TRON,49.33545995,0,0,1,0,
Block-275,TRON,192.8351336,0,0,1,0,
Block-275,TRON,226.7380531,0,0,1,0,
Block-275,TRON,308.7765503,0,0,1,0,
Block-275,TRON,462.2299137,0,0,1,0,
Block-275,TRON,526.7875841,0,0,1,0,
Block-275,TRON,598.4696729,0,0,1,0,
Block-275,TRON,670.156677,0,0,1,0,
Block-275,TRON,755.7556634,0,0,1,0,
Block-275,TRON,840.3664486,0,0,1,0,
Block-275,TRON,904.2468455,0,0,1,0,
Block-275,TRON,938.6025369,0,0,1,0,
Block-275,TRON,1016.008335,0,0,1,0,
Block-275,TRON,1121.628242,0,0,1,0,
Block-275,TRON,1314.071962,0,0,1,0,
Block-275,TRON,1427.817185,0,0,1,0,
Block-275,TRON,1505.471611,0,0,1,0,
Block-275,TRON,1580.913336,0,0,1,0,
Block-275,TRON,1655.070433,0,0,1,0,
Block-275,TRON,1745.134428,0,0,1,0,
