BLOCK,EVENT,TIME,CHAN,Sampling_Freq,NumOfPoints,D0,
GR6-180226-170128,ATOF,972.7291391,0,0,1,0,
GR6-180226-170128,ATOF,996.2206004,0,0,1,0,
GR6-180226-170128,ATOF,1035.961385,0,0,1,0,
GR6-180226-170128,ATOF,1281.79671,0,0,1,0,
