BLOCK,EVENT,TIME,CHAN,Sampling_Freq,NumOfPoints,D0,
GR6-180226-170128,ATTK,971.9297228,0,0,1,1.401298464e-045,
GR6-180226-170128,ATTK,995.4212251,0,0,1,1.401298464e-045,
GR6-180226-170128,ATTK,1035.161969,0,0,1,1.401298464e-045,
GR6-180226-170128,ATTK,1280.997294,0,0,1,1.401298464e-045,
