BLOCK,EVENT,TIME,CHAN,Sampling_Freq,NumOfPoints,D0,
Block-259,TRON,41.60954356,0,0,1,0,
Block-259,TRON,69.45767426,0,0,1,0,
Block-259,TRON,169.7584333,0,0,1,0,
Block-259,TRON,193.3678591,0,0,1,0,
Block-259,TRON,246.4457114,0,0,1,0,
Block-259,TRON,330.1859329,0,0,1,0,
Block-259,TRON,430.3338292,0,0,1,0,
Block-259,TRON,469.4840114,0,0,1,0,
Block-259,TRON,530.163712,0,0,1,0,
Block-259,TRON,646.8579328,0,0,1,0,
Block-259,TRON,742.3587942,0,0,1,0,
Block-259,TRON,854.1415014,0,0,1,0,
Block-259,TRON,963.1406488,0,0,1,0,
Block-259,TRON,1067.485717,0,0,1,0,
Block-259,TRON,1115.490099,0,0,1,0,
Block-259,TRON,1219.007734,0,0,1,0,
Block-259,TRON,1294.423736,0,0,1,0,
Block-259,TRON,1385.677046,0,0,1,0,
