BLOCK,EVENT,TIME,CHAN,Sampling_Freq,NumOfPoints,D0,
Block-259,ATTK,175.2352767,0,0,1,0,
Block-259,ATTK,215.2169063,0,0,1,0,
Block-259,ATTK,449.3561447,0,0,1,0,
Block-259,ATTK,493.3287528,0,0,1,0,
Block-259,ATTK,688.2408857,0,0,1,0,
Block-259,ATTK,802.7425177,0,0,1,0,
Block-259,ATTK,1241.85854,0,0,1,0,
Block-259,ATTK,1318.541271,0,0,1,0,
