BLOCK,EVENT,TIME,CHAN,Sampling_Freq,NumOfPoints,D0,
Block-319,LOFF,116.4654591,0,0,1,0,
Block-319,LOFF,116.6277018,0,0,1,0,
Block-319,LOFF,116.7543502,0,0,1,0,
Block-319,LOFF,116.89259,0,0,1,0,
Block-319,LOFF,117.1389234,0,0,1,0,
Block-319,LOFF,117.1457229,0,0,1,0,
Block-319,LOFF,117.2717977,0,0,1,0,
