BLOCK,EVENT,TIME,CHAN,Sampling_Freq,NumOfPoints,D0,
GR3-180226-162238,ATTK,617.7235763,0,0,1,1.401298464e-045,
GR3-180226-162238,ATTK,721.3037567,0,0,1,1.401298464e-045,
